Position,Application Link,Location,Employment Type,Description
DATA PROCESSING SYSTEMS ANALYST IV (CYBER SECURITY) (SR-26),https://www.governmentjobs.com/jobs/1875711-0/data-processing-systems-analyst-iv-cyber-security-sr-26,Oahu  HI,Full-Time Permanent - Negotiable,Responsible for establishing and maintaining an organization-wide Cyber Security Program to ensure that BWS systems and information assets are adequately protected.  This position is responsible for identifying  evaluating and reporting on information security risks in a manner that meets compliance and regulatory requirements.  It is tasked with ensuring compliance through the implementation of recurring vulnerability and risk assessments and exercises and oversees all IT risk management activities.  Additionally  the position serves as the lead forensic investigative resource when addressing real-time and after-action security breaches to the BWS IT systems.
IT Security Analyst (Cyber-Security Analyst),https://www.governmentjobs.com/jobs/1891514-0/it-security-analyst-cyber-security-analyst,TX  78235  TX,4A Full-Time - $57.377.06 - $86.065.46 annually,Under general direction  is responsible for implementing required security configurations and installations. Primarily focuses on security administration. Runs security analysis reports and documents gaps. Maintains audits and provides security support fort application and infrastructure projects. Exercises no supervision.
Departmental Analyst 12 - Intelligence Operations Division / Cyber Section,https://www.governmentjobs.com/jobs/1857869-0/departmental-analyst-12-intelligence-operations-division-cyber-section,Lansing  MI,Permanent Full Time - $23.39 - $34.21 hourly,This position will serve as a recognized resource for the Michigan Cyber Command Center (MC3) responsible for completing complex web intelligence analytics for the within the guidelines of the DHS/BJA  utilizing the NCIS Plan of collection  analysis  storage  and dissemination of criminal intelligence for the detection of cyber-crime organizations  activity  and participants to protect the citizens of the state of Michigan  ensuring 28CFR23 and Privacy Protection. This position will be required to produce internal briefings  intelligence bulletins and assessments  reports  and charts in accordance with the Standing Information Needs (SINs) of the MC3. Produce external briefings  intelligence...
Deputy Chief Information Security Officer - 60018968  60020668,https://www.governmentjobs.com/jobs/1518420-0/deputy-chief-information-security-officer-60018968-60020668,Richland County  SC,FTE - Full-Time - $100.000.00 - $117.000.00 annually,This position has been reposted.  Previous applicants need not re-apply as all qualified applications will be considered.  This position is located within the Division of Information Security of the Department of Administration. Incumbent will specialize in cyber security and IT risk management and works directly with the State Chief Information Security Officer (CISO) to establish and implement the information security governance structure and strategies  priorities  and directives consistent with the vision of the state executive and legislative leadership.  Functions as liaison between the Division of Information Security and state agencies to assist in the implementation of state...
Information Security Analyst,https://www.governmentjobs.com/jobs/1845456-0/information-security-analyst,City of Santa Monica  CA,Full-Time - $95.964.00 - $118.476.00 annually,Implements  maintains and performs cyber security analysis of systems and plans and carries out security measures to protect systems and digital assets  including working with malware/antivirus tools  patch management  firewalls  scanners and other security tools; performs other related duties as required.  This position will remain open until filled and  may close without notice. Candidates are strongly encouraged to apply as soon as possible. 
Information Security Analyst,https://www.governmentjobs.com/jobs/1895696-0/information-security-analyst,LOGIS,N/A,Primary Responsibilities: Monitor computer networks for security issues via tools. Investigate security breaches and other cyber security incidents. Install security measures and operate software to protect systems and information infrastructure. Document security breaches for LOGIS and LOGIS members and assess the damage they cause. Work with security team to perform tests and uncover network vulnerabilities. Fix detected vulnerabilities to maintain a high-security standard for LOGIS and LOGIS members. Help colleagues install security software and understand information security management. Stay up-to-date on information technology trends and security standards. Qualifications: Minimum 2...
Information Security Business Analyst,https://www.governmentjobs.com/jobs/1850702-0/information-security-business-analyst,Austin  TX,Full-Time - $63.104.00 - $103.491.00 annually,TRS seeks an Information Security Business Analyst to join our growing team. We are looking for a professional with experience in both technical writing and IT Security related research. The successful applicant will be adept at the creation and interpretation of technical and legal matters surrounding the governance of Information Security. The ideal candidate for this position is detail-oriented and tech-savvy. This position works in concert with the Information Security Officer on TRS governance related projects. The Information Security Business Analyst performs highly complex (journey-level) information technology  and cyber security analysis and control work.  Work involves assisting...
Information Security Analyst,https://www.governmentjobs.com/jobs/1896507-0/information-security-analyst,Lakeland  FL,Full Time Regular - $55.348.80 - $103.230.40 annually,The Information Security Analyst will be responsible for assisting in maintaining the security infrastructure. The Analyst will provide information security expertise to reduce enterprise risk and ensure appropriate levels of data confidentiality  integrity  and availability. Responsible for articulating technical security requirements  monitoring the effectiveness of the IT security controls framework  and raising the level of security awareness and policy compliance among workforce members.
Emergency Preparedness and Security Manager,https://www.governmentjobs.com/jobs/1902987-0/emergency-preparedness-and-security-manager,VA 22195-2266  VA,Full Time - $95.325.90 - $128.020.79 annually,This position serves as the Service Authority's emergency management and response subject matter expert (SME) for emergency preparedness and response for the Service Authority.  Position is responsible and accountable for analyzing  designing  testing and deploying utility industry emergency management and response solutions that enable the Service Authority to prepare for  mitigate the effects of  respond to  and recover from all-hazard emergencies. Position is responsible for responding to and leading the coordination of response activities during emergencies  disasters  and significant events. Overall goals are set and the worker determines the specific tasks and assignments to be...
Senior Security Administrator,https://www.governmentjobs.com/jobs/1848257-0/senior-security-administrator,Denver Metro  CO,Full Time - $4.510.00 - $7.559.00 monthly,What We Do: The Governor's Office of Information Technology (OIT) strives to impact the lives of all Coloradans to create a safer  happier and healthier state. We work to empower the State of Colorado with flexible technology that will drive sustainable and intelligent business decisions. We envision a future where the end-user experience shapes design  and data analytics transform how state government serves its residents.   How We Do IT: We build on the basics with cutting edge technology We secure Colorado through innovation We empower  engage  and energize our employees We strengthen Colorado's tech landscape   Why We Want You: We want your expertise  positive energy  drive to succeed...
Selective Placement Program (Noncompetitive Appointments for Applicants with Disabilities),https://www.usajobs.gov:443/GetJob/ViewDetails/462291700?PostingChannelID=RESTAPI,"Washington DC, District of Columbia","Temporary (Not To Exceed a period of 120 days to 2 years, depending on qualifications of applicant)","Education: Some positions may require specific training, education and/or degrees depending on the series and grade level of the position being filled.Experience: Applicants must have had progressively responsible experience and training sufficient in scope and quality to furnish them with an acceptable level of knowledge, skills, and abilities to perform the duties of the position. The DETAILED description of your work experience in your personal resume must clearly demonstrate that you have gained and currently posess the knowledge, skills and abilities to satisfactorily perform the duties of the position being filled. Transcripts and certifications provided as proof of qualifying education and/or training must be submitted at the time of application.To view qualification requirements for all series, click on the following link: https://www.opm.gov/policy-data-oversight/classification-qualifications/general-schedule-qualification-standards/.Part-Time, Volunteer or Unpaid Experience: Credit will be given for appropriate undpaid and/or part-time work. You must clearly identify the duties and responsibilities in each position held and the total number of hours worked per week. Volunteer work experience can include work done through National Service Programs (i.e., Peace Corps, Americorps) and other organizations (e.g., professional, pilanthropic, religious, spiritual, community, student and social)."
IT Specialist,https://www.usajobs.gov:443/GetJob/ViewDetails/466482200?PostingChannelID=RESTAPI,"Yuma, Arizona",Permanent,"In order to qualify for this position, your resume must provide sufficient experience and/or education, knowledge, skills, and abilities, to perform the duties of the specific position for which you are being considered. Your resume is the key means we have for evaluating your skills, knowledge, and abilities, as they relate to this position. Therefore, we encourage you to be clear and specific when describing your experience.The basic requirement is: IT-related experience demonstrating the following four competencies: Attention to Detail - I am able to review data from multiple sources and determine relevant information to a given situation. I draft, edit and disseminate written reports and status updates that are factual, timely and relatively error free. Customer Service - I develop and maintain relationships with customers with diverse needs. I provide technical information about products and services. I assess the needs of customers and identify or tailor products and/or services to meet their needs. I resolve non-routine problems, questions, or complaints and direct the most complex problems, questions, or complaints to the appropriate person. Oral Communication - I communicate, explain, or defend ideas or information clearly. I listen to others and recognize potential miscommunications. Problem Solving - I use logic to identify alternatives to solve technical problems. I identify and solve problems by gathering and applying information from a variety of materials or sources that provide several alternatives. GS-09 Requirements:Applicants must have at least one or more years of specialized experience that
has provided me with the necessary knowledge, skills and abilities to perform
the duties of an IT Specialist GS-09.
Specialized experience is: 1) evaluating system performance data to identify
and address inefficiencies; 2) identifying problems, ascertaining root cause
and impact, and providing recommendations for resolution. OR a master's degree or equivalent graduate degree
OR 2 full years of progressively higher level graduate education leading to a
master's degree or equivalent graduate degree in computer science, engineering,
information science, information systems management, mathematics, operations
research, statistics, or technology management or degree that provided a
minimum of 24 semester hours in one or more of the fields identified above and
required the development or adaptation of applications, systems or networks. GS-11 Requirements:Applicants must have at least one or more years of specialized
experience that has provided me with the necessary knowledge, skills and
abilities to perform the duties of an IT Specialist GS-11. Specialized experience is: 1) evaluating
system performance data to identify and address inefficiencies; 2) evaluating
system performance data to identify and address inefficiencies; and 3)
providing oversight in the integration of information technology systems to
ensure compliance with software and business requirements. OR a Ph.D. or equivalent doctoral degree OR 3 full
years of progressively higher level graduate education leading to a Ph.D. or
equivalent doctoral degree in computer science, engineering, information
science, information systems management, mathematics, operations research,
statistics, or technology management or degree that provided a minimum of 24
semester hours in one or more of the fields identified above and required the
development or adaptation of applications, systems or networks.GS-12 Requirements:Applicants must have at least one or more years of progressively related specialized experience in the
same or similar work at a level of difficulty and responsibility that has
equipped you with the necessary knowledge, skills or abilities to perform
successfully the duties of an IT Specialist GS-12. Creditable specialized experience includes: 1)
evaluating system performance data to identify and address inefficiencies; 2)
providing oversight in the integration of information technology systems to
ensure compliance with software and business requirements; and 3) providing guidance in the development
and implementation of information technology policies and procedures. GS-13 Requirements:Applicants must have at least one or more years of progressively related specialized experience in the
same or similar work at a level of difficulty and responsibility that has
equipped you with the necessary knowledge, skills or abilities to perform
successfully the duties of an IT Specialist GS-13. Creditable specialized experience includes: 1) evaluating system
performance data to identify and address inefficiencies; 2) providing oversight
in the integration of information technology systems to ensure compliance with
software and business requirements; 3) providing guidance in the development
and implementation of information technology policies and procedures; and 4)
developing alternatives for addressing complex issues with information
technology system performance.These
positionsare covered under the Defense Acquisition Workforce Improvement Act
(DAWIA) and requires additional education, training and experience. This
position has been identified as a Career Field Information Technology at Level I, II or III, depending on location and grade of the position. If you possess DAWIA Certification, please
indicate your Certification Level and Career Field information in your
resume. Applicants not certified may still apply and be selected, but must achieve
certification within 24 months of appointment.
Certification requirements may be viewed at http://icatalog.dau.mil/onlinecatalog/CareerLvl.aspx.Additional qualification information can be found from the following Department of Defense (DoD) web site:https://www.opm.gov/policy-data-oversight/classification-qualifications/general-schedule-qualification-standards/2200/information-technology-it-management-series-2210-alternative-a/ You will receive credit for all qualifying experience, including volunteer and part time experience. You must clearly identify the duties and responsibilities in each position held and the total number of hours per week. Experience refers to paid and unpaid experience, including volunteer work done through National Service programs (e.g., professional, philanthropic, religious, spiritual, community, student, social). Volunteer work helps build critical competencies, knowledge, and skills and can provide valuable training and experience that translates directly to paid employment. As part of the application process, you must complete and submit an occupational questionnaire. To preview this questionnaire and determine if your experience matches the required skills for this position, click the following link: View Assessment Questions Please follow all instructions carefully. Errors or omissions may affect your rating and/or appointment eligibility."
IT Specialist (INFOSEC),https://www.usajobs.gov:443/GetJob/ViewDetails/466533600?PostingChannelID=RESTAPI,"Atlanta, Georgia",Permanent,"Applicants
must have at least one year of specialized experience at or equivalent to the
next lower grade level in the Federal service as defined in the next
paragraphs. Specialized experience is experience which is directly
related to the position which has equipped the applicant with the particular
knowledge, skills and abilities (KSAs) to successfully perform the duties of
the position. GS-12: Applicants must have one year of specialized experience at
a level of difficulty and responsibility equivalent to the GS-11 grade level in
the Federal service which includes experience maintaining the confidentiality,
integrity and availability of automated data processing operating through performance
of IT security and information assurance activities. GS-13: Applicants must have one year of specialized experience at
a level of difficulty and responsibility equivalent to the GS-12 grade level in
the Federal service which includes maintaining the confidentiality, integrity
and availability of automated data processing operations through performance of
IT security and information assurance activities implementing IT security
policies and procedures in the development and operations of network and telecommunication
systems, mainframe personal computing, video-conferencing, infrastructure
software and server support. Additional Qualifying experience for the GS-12/13 grade level requires
IT-related experience that demonstrated each of the following four
competencies: Attention to detail; customer service; oral communications;
and problem solving. 1.
Attention to Detail - Is thorough when performing work and
conscientious about attending to detail. 2.
Customer Service - Works with clients and customers (that is, any
individuals who use or receive the services or products that your work unit
produces, including the general public, individuals who work in the agency,
other agencies, or organizations outside the Government) to assess their needs,
provide information or assistance, resolve their problems, or satisfy their
expectations; knows about available products and services; is committed to
providing quality products and services. 3.
Oral Communication - Expresses information (for example, ideas or facts)
to individuals or groups effectively, taking into account the audience and
nature of the information (for example, technical, sensitive, controversial);
makes clear and convincing oral presentations; listens to others, attends to
nonverbal cues, and responds appropriately. 4.
Problem Solving - Identifies problems; determines accuracy and relevance
of information; uses sound judgment to generate and evaluate alternatives, and
to make recommendations."
IT Specialist ,https://www.usajobs.gov:443/GetJob/ViewDetails/468116600?PostingChannelID=RESTAPI,"China Lake, California",Permanent,"In order to qualify for this position, your resume must provide sufficient experience and/or education, knowledge, skills, and abilities, to perform the duties of the specific position for which you are being considered. Your resume is the key means we have for evaluating your skills, knowledge, and abilities, as they relate to this position. Therefore, we encourage you to be clear and specific when describing your experience.MINIMUM QUALIFICATIONS: Your resume must demonstrate at least one year of the following (NOTE: If you are substituting experience with education, you MUST submit a copy of your transcripts): GS-05:A. Successfully obtained a degree in
computer science, engineering, information science, information systems
management, mathematics, operations research, statistics, or technology
management or
a degree that providedyou with a minimum of 24 semester hours in one or more of
the fields identified above and required the development or adaptation of
applications, systems or networks.ORB. At least one year of specialized experience equivalent to the next lower level in the federal service or equivalent experience in the private or public sector that has equippedyou with the particular knowledge, skills and abilities to successfully perform the duties of the position. Experience must be IT related. Specialized experience includes: 1) Applying basic IT principles and practices; 2) Communicating factual and procedural information clearly; and 3) Gathering and analyzing basic facts and drawing conclusions. I have experience in the four competencies of Attention to Detail - I am able to review data from multiple sources and determine relevant information to a given situation. I draft, edit and disseminate written reports and status updates that are factual, timely and relatively error free.Customer Service - I develop and maintain relationships with customers with diverse needs. I provide technical information about products and services. I assess the needs of customers and identify or tailor products and/or services to meet their needs. I resolve non-routine problems, questions, or complaints and direct the most complex problems, questions, or complaints to the appropriate person.Oral Communication - I communicate, explain, or defend ideas or information clearly. I listen to others and recognize potential miscommunications.Problem Solving - I use logic to identify alternatives to solve technical problems. I identify and solve problems by gathering and applying information from a variety of materials or sources that provide several alternatives.ORGS-07:A. At least one year of specialized experience equivalent to the next lower level in the federal service or equivalent experience in the private or public sector that has equipped you with the particular knowledge, skills and abilities to successfully perform the duties of the position. Experience must be IT related. Specialized experience includes: 1) Applying IT principles, methods, and tools; 2) Evaluating established methods and procedures in order to assist in preparing recommendations for changes in methods and practices where appropriate; and 3) Identifying and/or resolving basic IT issues and problems. I have experience in the four competencies of Attention to Detail - I am able to review data from multiple sources and determine relevant information to a given situation. I draft, edit and disseminate written reports and status updates that are factual, timely and relatively error free.Customer Service - I develop and maintain relationships with customers with diverse needs. I provide technical information about products and services. I assess the needs of customers and identify or tailor products and/or services to meet their needs. I resolve non-routine problems, questions, or complaints and direct the most complex problems, questions, or complaints to the appropriate person.Oral Communication - I communicate, explain, or defend ideas or information clearly. I listen to others and recognize potential miscommunications.Problem Solving - I use logic to identify alternatives to solve technical problems. I identify and solve problems by gathering and applying information from a variety of materials or sources that provide several alternatives.ORB. A bachelor degree in computer science, engineering, information science, information systems management, mathematics, operations research, statistics, or technology management or a degree that provided a minimum of 24 semester hours in one or more of the fields identified above and required the development or adaptation of applications, systems or networks AND meet one of the requirements of superior academic achievement. [Completion of all requirements for a bachelor's degree and meet the Superior Academic Achievement Provisions: 1. Maintained a grade-point average of ""B"" (a GPA of 3.0 or higher) for all completed undergraduate courses, or those completed in the last two years of undergraduate study. 2. Maintained a grade-point average ""B+"" (a GPA of 3.5 or higher) for all courses in your major field of study, or those courses in your major completed in the last two years of undergraduate study. 3. Rank in the upper one-third of your class in the college, university, or major subdivision. 4. Became a member of a national honor (other than freshman honor societies) recognized by the Association of College Honor Societies. Please submit a college transcript(s) showing your grade point average for all four years of undergraduate study, including all transferred courses. NOTE: GPA's are to be rounded to one decimal place. For example, 2.95 will round to 3.0 and 2.94 will round to 2.9. If more than 10 percent of your undergraduate course work (credit hours) were taken on a pass/fail or similar basis, your claim must be based on class standing or membership in an honor society.]ORC. One full year of graduate level study, or possess a master's or higher degree in a field that provided the knowledge, skills, and abilities to do the work of the position. One academic year of graduate education is considered to be the number of credit hours that your graduate school has determined to represent one academic year of full-time study. Such study may have been performed on a full-time or part-time basis. If you cannot obtain your graduate school's definition of one year of graduate study, 18 semester hours (or 27 quarter hours) should be considered as satisfying the requirement.OR D. A combination of experience and education. Additional qualification information can be found from the following Office of Personnel Management web site: https://www.opm.gov/policy-data-oversight/classification-qualifications/general-schedule-qualification-standards/2200/information-technology-it-management-series-2210-alternative-a/ You will receive credit for all qualifying experience, including volunteer and part time experience. You must clearly identify the duties and responsibilities in each position held and the total number of hours per week. Experience refers to paid and unpaid experience, including volunteer work done through National Service programs (e.g., professional, philanthropic, religious, spiritual, community, student, social). Volunteer work helps build critical competencies, knowledge, and skills and can provide valuable training and experience that translates directly to paid employment. As part of the application process, you must complete and submit an occupational questionnaire. To preview this questionnaire and determine if your experience matches the required skills for this position, click the following link: View Assessment Questions Please follow all instructions carefully. Errors or omissions may affect your rating and/or appointment eligibility."
IT Specialist (Systems Administration),https://www.usajobs.gov:443/GetJob/ViewDetails/472342500?PostingChannelID=RESTAPI,"Cambridge, Massachusetts",Trust Fund Indefinite. This is not a federal position,"For all positions individuals must have IT-related experience demonstrating each of the four competencies listed below.Attention to Detail - Is thorough when performing work and conscientious about attending to detail.Customer Service - Works with clients and customers (that is, any individuals who use or receive the services or products that your work unit produces, including the general public, individuals who work in the agency, other agencies, or organizations outside the Government) to assess their needs, provide information or assistance, resolve their problems, or satisfy their expectations; knows about available products and services; is committed to providing quality products and services.Oral Communication - Expresses information (for example, ideas or facts) to individuals or groups effectively, taking into account the audience and nature of the information (for example, technical, sensitive, controversial); makes clear and convincing oral presentations; listens to others, attends to nonverbal cues, and responds appropriately.Problem Solving - Identifies problems; determines accuracy and relevance of information; uses sound judgment to generate and evaluate alternatives, and to make recommendations.In addition to the basic requirements listed above applicants must possess a minimum of one year of specialized experience equivalent to at least the grade 12 in the normal line of progression for this occupation which should demonstrate skill in leading the organization of a large complex system of computers into a cohesive network; skill in leading network design and working with complex external interfaces; skill in developing procedures; skill in interfacing with external groups as a lead; and the accomplishment of independently completing computer project assignments requiring a wide range of knowledge of computer requirements and techniques where the applicant analyzed a number of alternative approaches in the process of advising management concerning major aspects of system design that are most appropriate for a given project."
IT Specialist (CUSTSPT/NETWORK),https://www.usajobs.gov:443/GetJob/ViewDetails/472564900?PostingChannelID=RESTAPI,"Winchester, Virginia",13 months,"In order to qualify, you must meet the education and/or experience requirements described below. Experience refers to paid and unpaid experience, including volunteer work done through National Service programs (e.g., Peace Corps, AmeriCorps) and other organizations (e.g., professional; philanthropic; religious; spiritual; community; student; social). You will receive credit for all qualifying experience, including volunteer experience. Your resume must clearly describe your relevant experience; if qualifying based on education, your transcripts will be required as part of your application. Additional information about transcripts is in this document. To qualify at the GS-09 level you must meet one of the following:
Specialized Experience: One year of specialized experience which includes assisting with maintenance on Local and Wide Area Networks such as monitoring, diagnosing or troubleshooting to resolution all router, switch and call manager problems; assist IT customers to resolve common issues; activities; provide desktop support with customer service, user account management, installing and troubleshooting hardware/software; and assisting customers in finding solutions to routine IT issues. This definition of specialized experience is typical of work performed at the second lower grade/level position in the federal service (GS-07). OR Education: Master&#39;s or equivalent graduate degree or 2 full years of progressively higher level graduate education leading to such a degree in a field which demonstrates the knowledge, skills, and abilities necessary to do the work of the position, such as: Computer Sciences. OR Combination of Education and Experience: A combination of education and experience may be used to qualify for this position as long as the computed percentage of the requirements is at least 100%. To compute the percentage of the requirements, divide your total months of experience by 12. Then divide the total number of completed graduate semester hours (or equivalent) beyond the first year (total graduate semester hours minus 18) by 18. Add the two percentages. To qualify at the GS-11 level you must meet one of the following:
Specialized Experience: One year of specialized experience which includes includes assisting with maintenance with Local and Wide Area Networks to include monitoring, assisting with diagnosing and troubleshooting to resolution all router, switch and call manager problems; assist IT customers to resolve common issues; assist in planning or designing internet, intranet or extranet activities; provide desktop support with customer service, user account management, installing and troubleshooting hardware/software; and assisting analysis of reports of system issues from customers and assist them in finding a solution. This definition of specialized experience is typical of work performed at the second lower grade/level position in the federal service (GS-09). OR Education: Ph.D or equivalent doctoral degree or 3 full years of progressively higher level graduate education leading to such a degree in a field which demonstrates the knowledge, skills, and abilities necessary to do the work of the position, such as: Computer Sciences. OR Combination of Education and Experience: A combination of education and experience may be used to qualify for this position as long as the computed percentage of the requirements is at least 100%. To compute the percentage of the requirements, divide your total months of experience by 12. Then divide the total number of completed graduate semester hours (or equivalent) beyond the second year (total graduate semester hours minus 36) by 18. Add the two percentages. To qualify at the GS-12 level you must meet the following: Specialized Experience: One year of specialized experience which includes maintain Local and Wide Area Networks to include monitoring, diagnosing and troubleshooting to resolution all router, switch and call manager problems; assist IT customers to resolve common issues; assist in planning or designing internet, intranet or extranet activities; provide desktop support with customer service, user account management, installing and troubleshooting hardware/software; and analyze reports of system issues from customers and assist them in finding a solution. This definition of specialized experience is typical of work performed at the next lower grade/level position in the federal service (GS-11). If qualifying using specialized experience at any grade level your experience must contains the following characteristics. 1. Attention to Detail - Is thorough when performing work and conscientious about attending to detail.
2. Customer Service - Works with clients and customers (that is, any individuals who use or receive the services or products that your work unit produces, including the general public, individuals who work in the agency, other agencies, or organizations outside the Government) to assess their needs, provide information or assistance, resolve their problems, or satisfy their expectations; knows about available products and services; is committed to providing quality products and services.
3. Oral Communication - Expresses information (for example, ideas or facts) to individuals or groups effectively, taking into account the audience and nature of the information (for example, technical, sensitive, controversial); makes clear and convincing oral presentations; listens to others, attends to nonverbal cues, and responds appropriately.
4. Problem Solving - Identifies problems; determines accuracy and relevance of information; uses sound judgment to generate and evaluate alternatives, and to make recommendations. You will be evaluated on the basis of your level of competency in the following areas:
Customer ServiceNetwork ManagementOperating SystemsOral CommunicationOrganizational Awareness"
IT Specialist (CUSTSPT),https://www.usajobs.gov:443/GetJob/ViewDetails/472951200?PostingChannelID=RESTAPI,"Davis Monthan AFB, Arizona",Permanent,"SPECIALIZED EXPERIENCE: Must have at least 36 months experience, education, or training that approaches techniques and requirements appropriate to an assigned computer applications area or computer specialty area in an organization. Experience planning the sequence of actions necessary to accomplish the assignment where this entailed coordination with others outside the organizational unit and development of project controls. Experience that required adaptations of guidelines or precedents to meet the needs of the assignment. Experience preparing documentation on cost/benefit studies where is involved summarizing the material and organizing it in a logical fashion."
IT Specialist (CUSTSPT),https://www.usajobs.gov:443/GetJob/ViewDetails/472975200?PostingChannelID=RESTAPI,"Los Alamitos, California",Indefinite,"General Experience: Experience, education or training that has provided a basic knowledge of data processing functions and general management principles that enabled the applicant to understand the stages required to automate a work process. Experience may have been gained in work such as computer operator or assistant, computer sales representative, program analyst, or other positions that required the use or adaptation of computer programs and systems. IT Specialist (CUSTSPT), GS-2210-09 (Trainee): Must have at least 24 months experience, education, or training in analysis of the interrelationship of pertinent components of the system. Experience planning the sequence of actions necessary to accomplish the assignment. Experience scheduling the sequence of programs to be processed by computers where alternatives had to be weighed with a view to production efficiency. IT Specialist (CUSTSPT), GS-2210-11: Must have at least 36 months experience, education, or training that approaches techniques and requirements appropriate to an assigned computer applications area or computer specialty area in an organization. Experience planning the sequence of actions necessary to accomplish the assignment where this entailed coordination with others outside the organizational unit and development of project controls. Experience that required adaptations of guidelines or precedents to meet the needs of the assignment. Experience preparing documentation on cost/benefit studies where is involved summarizing the material and organizing it in a logical fashion. TRAINEE POSITION: Applicants not meeting full qualifications for the GS-11 position indicated above may be considered for GS-09 trainee, if qualified. Statement-of-Difference of qualification requirements for each are indicated. If appointed as trainee, the selectee may be non-competitively promoted to GS-11 upon meeting full qualifications and recommendations of supervisor. Your qualifications will be evaluated on the following competencies:
Customer ServiceHardwareInterpersonal SkillsOperating Systems"
IT SPECIALIST/IT PROJECT MANAGER,https://www.usajobs.gov:443/GetJob/ViewDetails/473474300?PostingChannelID=RESTAPI,"China Lake, California",Permanent,"In order to qualify for this position, yourresume must provide
sufficient experience and/or education, knowledge, skills, and abilities, to
perform the duties of the specific position for which you are being considered. Your resume is the key means we have for evaluating your skills,
knowledge, and abilities, as they relate to this position. Therefore, we
encourage you to be clear and specific when describing your experience. Your resumemustdemonstrate at least one year of specialized
experience at or equivalent to the GS-13 grade level or pay band in the Federal service or
equivalent experience in the private or public sector. Specialized experience is: developing
new theories, concepts, principles, standards and methods in the specialty
area; advise other IT experts throughout the command on a variety of situations
and issues that involve applying or adapting new theories, concepts,
principles, standards, methods or practice and serve as senior expert; AND IT-related experience demonstrating each of the
following four competencies: 1) Attention to Detail - Is thorough when
performing work and conscientious about attending to detail; 2) Customer
Service - Works with clients and customers (that is, any individuals who use or
receive the services or products that your work unit produces, including the
general public, individuals who work in the agency, other agencies, or
organizations outside the Government) to assess their needs, provide
information or assistance, resolve their problems, or satisfy their
expectations; knows about available products and services; is committed to
providing quality products and services; 3) Oral Communication - Expresses
information (for example, ideas or facts) to individuals or groups effectively,
taking into account the audience and nature of the information (for example,
technical, sensitive, controversial); makes clear and convincing oral
presentations; listens to others, attends to nonverbal cues, and responds
appropriately; 4) Problem Solving - Identifies problems; determines accuracy
and relevance of information; uses sound judgment to generate and evaluate
alternatives, and to make recommendations. Your resumemustdemonstrate at least one year of specialized
experience at or equivalent to the GS-14 grade level or pay band in the Federal service or
equivalent experience in the private or public sector. Specialized experience is: developing new theories, concepts, principles, standards and methods in the specialty area; advise other IT experts throughout the command on a variety of situations and issues that involve applying or adapting new theories, concepts, principles, standards, methods or practice and serve as senior expert and consultant to agency management officials advising on integrating IT programs with other programs AND IT-related experience demonstrating each of the following four competencies: 1) Attention to Detail - Is thorough when performing work and conscientious about attending to detail; 2) Customer Service - Works with clients and customers (that is, any individuals who use or receive the services or products that your work unit produces, including the general public, individuals who work in the agency, other agencies, or organizations outside the Government) to assess their needs, provide information or assistance, resolve their problems, or satisfy their expectations; knows about available products and services; is committed to providing quality products and services; 3) Oral Communication - Expresses information (for example, ideas or facts) to individuals or groups effectively, taking into account the audience and nature of the information (for example, technical, sensitive, controversial); makes clear and convincing oral presentations; listens to others, attends to nonverbal cues, and responds appropriately; 4) Problem Solving - Identifies problems; determines accuracy and relevance of information; uses sound judgment to generate and evaluate alternatives, and to make recommendations. Additional qualification information can be
found from the following Office of Personnel Management web site: https://www.opm.gov/policy-data-oversight/classification-qualifications/general-schedule-qualification-standards/2200/information-technology-it-management-series-2210-alternative-a/ You will receive credit for all qualifying experience, including volunteer and part time experience. You must clearly identify the duties and responsibilities in each position held and the total number of hours per week. Experience refers to paid and unpaid experience, including volunteer work done through National Service programs (e.g., professional, philanthropic, religious, spiritual, community, student, social). Volunteer work helps build critical competencies, knowledge, and skills and can provide valuable training and experience that translates directly to paid employment. As part of the application process, you must complete and submit an occupational questionnaire. To preview this questionnaire and determine if your experience matches the required skills for this position, click the following link: View Assessment Questions Please follow all instructions carefully. Errors or omissions may affect your rating and/or appointment eligibility."
IT Specialist (INFOSEC),https://www.usajobs.gov:443/GetJob/ViewDetails/473644500?PostingChannelID=RESTAPI,"Atlanta, Georgia",Permanent,"Applicants must have at least one year of specialized experience
at or equivalent to the next lower grade level in the Federal service as
defined in the next paragraphs.&#160; Specialized experience is experience
which is directly related to the position which has equipped the applicant with
the particular knowledge, skills and abilities (KSAs) to successfully perform
the duties of the position. GS-11:&#160; Applicants must have one year of specialized experience at
a level of difficulty and responsibility equivalent to the GS-09 grade level in
the Federal service which includes experience in maintaining the
confidentiality, integrity, and availability of automated data processing
operations through performance of IT security and information assurance
activities. GS-12:&#160; Applicants must have one year of specialized experience at
a level of difficulty and responsibility equivalent to the GS-11 grade level in
the Federal service maintaining the confidentiality, integrity, and
availability of automated data processing operations through performance of IT
security and information assurance activities; participating in identification
and analyses of information security policy issues, deficiencies, and problem
areas through review and analyses of reports, and contacts. Additional Qualifying experience for the GS-11/12 grade level
requires IT-related experience that demonstrated each of the following four
competencies:&#160; Attention to detail; customer service; oral communications;
and problem solving. &#160; Attention to Detail - Is thorough when performing work and conscientious about attending to detail. Customer Service - Works with clients and customers (that is, any individuals who use or receive the services or products that your work unit produces, including the general public, individuals who work in the agency, other agencies, or organizations outside the Government) to assess their needs, provide information or assistance, resolve their problems, or satisfy their expectations; knows about available products and services; is committed to providing quality products and services. Oral Communication - Expresses information (for example, ideas or facts) to individuals or groups effectively, taking into account the audience and nature of the information (for example, technical, sensitive, controversial); makes clear and convincing oral presentations; listens to others, attends to nonverbal cues, and responds appropriately. Problem Solving - Identifies problems; determines accuracy and relevance of information; uses sound judgment to generate and evaluate alternatives, and to make recommendations. SUBSTITUTION OF EDUCATION
FOR EXPERIENCE:
For the GS-11 level: 3 full academic years of progressively higher level graduate
education or Ph.D. or equivalent Doctoral Degree There is no education substitution for the GS-12 level. COMBINATION OF EDUCATION AND EXPERIENCE:
Your education and work experience may be combined to meet the
qualification requirements of this position at the GS-11 level."
